<?xml version="1.0" encoding="UTF-8"?>

<mule xmlns:ftp="http://www.mulesoft.org/schema/mule/ee/ftp" xmlns:file="http://www.mulesoft.org/schema/mule/file" xmlns:reltio="http://www.mulesoft.org/schema/mule/reltio" xmlns:dw="http://www.mulesoft.org/schema/mule/ee/dw" xmlns:metadata="http://www.mulesoft.org/schema/mule/metadata" xmlns:json="http://www.mulesoft.org/schema/mule/json" xmlns:batch="http://www.mulesoft.org/schema/mule/batch" xmlns="http://www.mulesoft.org/schema/mule/core" xmlns:doc="http://www.mulesoft.org/schema/mule/documentation"
	xmlns:spring="http://www.springframework.org/schema/beans" 
	xmlns:xsi="http://www.w3.org/2001/XMLSchema-instance"
	xsi:schemaLocation="http://www.springframework.org/schema/beans http://www.springframework.org/schema/beans/spring-beans-current.xsd
http://www.mulesoft.org/schema/mule/core http://www.mulesoft.org/schema/mule/core/current/mule.xsd
http://www.mulesoft.org/schema/mule/json http://www.mulesoft.org/schema/mule/json/current/mule-json.xsd
http://www.mulesoft.org/schema/mule/file http://www.mulesoft.org/schema/mule/file/current/mule-file.xsd
http://www.mulesoft.org/schema/mule/batch http://www.mulesoft.org/schema/mule/batch/current/mule-batch.xsd
http://www.mulesoft.org/schema/mule/reltio http://www.mulesoft.org/schema/mule/reltio/current/mule-reltio.xsd
http://www.mulesoft.org/schema/mule/ee/dw http://www.mulesoft.org/schema/mule/ee/dw/current/dw.xsd
http://www.mulesoft.org/schema/mule/ee/ftp http://www.mulesoft.org/schema/mule/ee/ftp/current/mule-ftp-ee.xsd">
    <file:connector name="File" autoDelete="true" streaming="false" validateConnections="true" doc:name="File"/>

    <flow name="FileFlowWithBatchJson">
        <file:inbound-endpoint path="${ftp.demo.jsonBulkInFolder}" responseTimeout="10000" doc:name="File"/>
        <byte-array-to-string-transformer doc:name="Byte Array to String"/>
        <json:json-to-object-transformer returnClass="java.util.HashMap[]" doc:name="JSON to Object"/>
        <foreach  doc:name="For Each" batchSize="100">
            <json:object-to-json-transformer doc:name="Object to JSON"/>
            <logger message="#[payload]" level="INFO" doc:name="Logger"/>
            <dw:transform-message metadata:id="f88eddde-eb76-4612-83d2-ac4bbb684f26" doc:name="Copy_of_Transform Message">
                <dw:input-payload doc:sample="structure.json" mimeType="application/json"/>
                <dw:set-payload><![CDATA[%dw 1.0
%output application/java
---
payload map ((payload01 , indexOfPayload01) -> {
	type: payload01.type when payload01.type != null otherwise '',
	attributes: {
		Name: payload01.attributes.Name map ((name , indexOfName) -> {
			value: name.value
		}) when payload01.attributes.Name != null otherwise '',
		ProductCode: payload01.attributes.ProductCode map ((productCode , indexOfProductCode) -> {
			value: productCode.value
		})  when payload01.attributes.ProductCode != null otherwise '' ,
		ProductRecordType: payload01.attributes.ProductRecordType map ((productRecordType , indexOfProductRecordType) -> {
			value: productRecordType.value
		}) when payload01.attributes.ProductRecordType != null otherwise '' ,
		Active: payload01.attributes.Active map ((active , indexOfActive) -> {
			value: active.value
		}) when payload01.attributes.Active != null otherwise '',
		PSGLCode: payload01.attributes.PSGLCode map ((pSGLCode , indexOfPSGLCode) -> {
			value: pSGLCode.value
		})  when payload01.attributes.PSGLCode != null otherwise '',
		ProductCategory: payload01.attributes.ProductCategory map ((productCategory , indexOfProductCategory) -> {
			value: productCategory.value
		})  when payload01.attributes.ProductCategory != null otherwise '',
		EntType: payload01.attributes.EntType map ((entType , indexOfEntType) -> {
			value: entType.value
		})  when payload01.attributes.EntType != null otherwise '',
		Channel: payload01.attributes.Channel map ((channel , indexOfChannel) -> {
			value: channel.value
		}) when payload01.attributes.Channel != null otherwise ''
	},
	crosswalks: payload01.crosswalks map ((crosswalk , indexOfCrosswalk) -> {
		uri: crosswalk.uri,
		type: crosswalk.type,
		value: crosswalk.value
	}) when payload01.crosswalks != null otherwise '' ,
	label: payload01.label when payload01.label != null otherwise '',
	secondaryLabel: payload01.secondaryLabel when payload01.secondaryLabel != null otherwise ''
})]]></dw:set-payload>
            </dw:transform-message>
            <reltio:create-entities config-ref="Reltio__Configuration" entityType="configuration/entityTypes/Product" doc:name="Reltio">
                <reltio:entity-data ref="#[payload]"/>
            </reltio:create-entities>
            <json:object-to-json-transformer doc:name="Object to JSON"/>
            <file:outbound-endpoint path="${ftp.demo.outFolder}" outputPattern="output_#[server.dateTime.format('YYYYMMdd_hhmmss')].json" responseTimeout="10000" doc:name="File"/>
           <!--  <file:outbound-endpoint path="E:\demoout" responseTimeout="10000" doc:name="File" outputPattern="output_#[server.dateTime.format('YYYYMMdd_hhmmss')].json"/> -->
            
        </foreach>
    </flow>
    
    <flow name="FileFlowWithBatchCsv">
        <file:inbound-endpoint path="${ftp.demo.csvBulkInFolder}" responseTimeout="10000" doc:name="File" connector-ref="File"/>
        <dw:transform-message metadata:id="9485ac74-89b2-460a-96fd-7f3b394fa29e" doc:name="Copy_of_Transform Message">
            <dw:input-payload mimeType="application/csv"/>
            <dw:set-payload><![CDATA[%dw 1.0
%output application/json
---
payload map ((payload01 , indexOfPayload01) -> {
	uri: 'entities/' ++ payload01.ID,
	type: 'configuration/entityTypes/' ++ payload01.Type,
	createdBy: payload01.createdBy,
	updatedBy: payload01.updatedBy,
	attributes: {
		Name: [{
			value: payload01."Attributes.Name"
		}],
		ProductCode: [{
			value: payload01."Attributes.ProductCode"
		}],
		ProductRecordType: [{
			value: payload01."Attributes.ProductRecordType"
		}],
		Active: [{
			value: payload01."Attributes.Active"
		}],
		PSGLCode: [{
			value: payload01."Attributes.PSGLCode"
		}],
		ProductCategory: [{
			value: payload01."Attributes.ProductCategory"
		}],
		EntType: [{
			value: payload01."Attributes.EntType"
		}],
		Channel: [{
			value: payload01."Attributes.Channel"
		}]
	}
})]]></dw:set-payload>
        </dw:transform-message>
        <file:outbound-endpoint path="${ftp.demo.jsonBulkInFolder}" outputPattern="converted_#[server.dateTime.format('YYYYMMdd_hhmmss')].json" responseTimeout="10000" doc:name="File"/>
    </flow>
</mule>
