<?xml version="1.0" encoding="UTF-8"?>
<mule xmlns:api-platform-gw="http://www.mulesoft.org/schema/mule/api-platform-gw" xmlns:json="http://www.mulesoft.org/schema/mule/json" xmlns:metadata="http://www.mulesoft.org/schema/mule/metadata" xmlns:reltio="http://www.mulesoft.org/schema/mule/reltio" xmlns:dw="http://www.mulesoft.org/schema/mule/ee/dw" xmlns="http://www.mulesoft.org/schema/mule/core" xmlns:apikit="http://www.mulesoft.org/schema/mule/apikit" xmlns:context="http://www.springframework.org/schema/context" xmlns:doc="http://www.mulesoft.org/schema/mule/documentation" xmlns:http="http://www.mulesoft.org/schema/mule/http" xmlns:spring="http://www.springframework.org/schema/beans" xmlns:xsi="http://www.w3.org/2001/XMLSchema-instance" xsi:schemaLocation="http://www.mulesoft.org/schema/mule/core http://www.mulesoft.org/schema/mule/core/current/mule.xsd
http://www.mulesoft.org/schema/mule/http http://www.mulesoft.org/schema/mule/http/current/mule-http.xsd
http://www.mulesoft.org/schema/mule/apikit http://www.mulesoft.org/schema/mule/apikit/current/mule-apikit.xsd
http://www.springframework.org/schema/context http://www.springframework.org/schema/context/spring-context-current.xsd
http://www.springframework.org/schema/beans http://www.springframework.org/schema/beans/spring-beans-3.1.xsd
http://www.mulesoft.org/schema/mule/reltio http://www.mulesoft.org/schema/mule/reltio/current/mule-reltio.xsd
http://www.mulesoft.org/schema/mule/ee/dw http://www.mulesoft.org/schema/mule/ee/dw/current/dw.xsd
http://www.mulesoft.org/schema/mule/json http://www.mulesoft.org/schema/mule/json/current/mule-json.xsd
http://www.mulesoft.org/schema/mule/api-platform-gw http://www.mulesoft.org/schema/mule/api-platform-gw/current/mule-api-platform-gw.xsd">
    <http:listener-config name="httpListenerConfig" host="0.0.0.0" port="${http.port}" doc:name="HTTP Listener Configuration" />
    <apikit:config name="apiConfig" raml="api.raml" consoleEnabled="false" doc:name="Router" />
    <context:property-placeholder location="api.properties" />
    <reltio:config name="Reltio__Configuration" tokenUrl="${reltio.tokenUrl}" username="${reltio.username}" password="${reltio.password}" authorizationString="${reltio.authorizationString}" baseUrl="${reltio.baseUrl}" tenantId="${reltio.tenantId}" doc:name="Reltio: Configuration"/>
    <api-platform-gw:api apiName="groupId:6a18ecb1-e1af-44d5-b56c-fe996cb995a2:assetId:reltiocontactdemo" version="1.0:6712722" flowRef="api-main" create="true" apikitRef="apiConfig" doc:name="API Autodiscovery"/>
    <flow name="api-main">
        <http:listener config-ref="httpListenerConfig" path="/api/*" doc:name="HTTP" />
        <apikit:router config-ref="apiConfig" doc:name="APIkit Router" />
        <exception-strategy ref="apiKitGlobalExceptionMapping" doc:name="Reference Exception Strategy" />
    </flow>
    <flow name="api-console">
        <http:listener config-ref="httpListenerConfig" path="/console/*" doc:name="HTTP" />
        <apikit:console config-ref="apiConfig" doc:name="APIkit Console" />
    </flow>
    <flow name="post:/contact:apiConfig">
        <dw:transform-message doc:name="Transform Message">
            <dw:set-payload><![CDATA[%dw 1.0
%output application/java
---
[{
	type: "configuration/entityTypes/Contact",
	attributes: {
		Title: [{
			value: inboundProperties."http.query.params".title
		}]
	},
	crosswalks: [{
		type: "configuration/sources/Reltio",
		value: inboundProperties."http.query.params".crosswalks
	}]
}]]]></dw:set-payload>
        </dw:transform-message>
        <reltio:create-entities config-ref="Reltio__Configuration" entityType="configuration/entityTypes/Contact" doc:name="Reltio">
            <reltio:entity-data ref="#[payload]"/>
            <reltio:options partialOverride="true"/>
        </reltio:create-entities>
        <dw:transform-message doc:name="Transform Message" metadata:id="12b1702b-cb0c-4282-b934-68a0d3cb48ac">
            <dw:input-payload doc:sample="sample_data/list_list_json.json"/>
            <dw:set-payload><![CDATA[%dw 1.0
%output application/json
---
{
	FirstName: payload[0].object.attributes.FirstName[0].value,
	LastName: payload[0].object.attributes.LastName[0].value,
	Title: payload[0].object.attributes.Title[0].value,
	crosswalks: payload[0].object.crosswalks[0].value
}]]></dw:set-payload>
        </dw:transform-message>
    </flow>
    <flow name="get:/contact:apiConfig">
        <dw:transform-message doc:name="Transform Message" metadata:id="fa0113ec-dce7-4cf4-bde6-30542c31377e">
            <dw:set-payload><![CDATA[%dw 1.0
%output application/java
---
inboundProperties."http.query.params".crosswalks]]></dw:set-payload>
        </dw:transform-message>
        <reltio:get-entities config-ref="Reltio__Configuration" entityType="configuration/entityTypes/Contact" doc:name="Reltio"/>
        <dw:transform-message doc:name="Transform Message" metadata:id="fdaf5ebf-04bd-4160-8dad-9f35778d5985">
            <dw:input-payload doc:sample="sample_data/list_list_json_1.json"/>
            <dw:set-payload><![CDATA[%dw 1.0
%output application/json
---
{
	FirstName: payload[0].attributes.FirstName[0].value,
	LastName: payload[0].attributes.LastName[0].value,
	Title: payload[0].attributes.Title[0].value,
	crosswalks: payload[0].crosswalks[0].value
}]]></dw:set-payload>
        </dw:transform-message>
    </flow>
    <apikit:mapping-exception-strategy name="apiKitGlobalExceptionMapping">
        <apikit:mapping statusCode="404">
            <apikit:exception value="org.mule.module.apikit.exception.NotFoundException" />
            <set-property propertyName="Content-Type" value="application/json" doc:name="Property" />
            <set-payload value="{ &quot;message&quot;: &quot;Resource not found&quot; }" doc:name="Set Payload" />
        </apikit:mapping>
        <apikit:mapping statusCode="405">
            <apikit:exception value="org.mule.module.apikit.exception.MethodNotAllowedException" />
            <set-property propertyName="Content-Type" value="application/json" doc:name="Property" />
            <set-payload value="{ &quot;message&quot;: &quot;Method not allowed&quot; }" doc:name="Set Payload" />
        </apikit:mapping>
        <apikit:mapping statusCode="415">
            <apikit:exception value="org.mule.module.apikit.exception.UnsupportedMediaTypeException" />
            <set-property propertyName="Content-Type" value="application/json" doc:name="Property" />
            <set-payload value="{ &quot;message&quot;: &quot;Unsupported media type&quot; }" doc:name="Set Payload" />
        </apikit:mapping>
        <apikit:mapping statusCode="406">
            <apikit:exception value="org.mule.module.apikit.exception.NotAcceptableException" />
            <set-property propertyName="Content-Type" value="application/json" doc:name="Property" />
            <set-payload value="{ &quot;message&quot;: &quot;Not acceptable&quot; }" doc:name="Set Payload" />
        </apikit:mapping>
        <apikit:mapping statusCode="400">
            <apikit:exception value="org.mule.module.apikit.exception.BadRequestException" />
            <set-property propertyName="Content-Type" value="application/json" doc:name="Property" />
            <set-payload value="{ &quot;message&quot;: &quot;Bad request&quot; }" doc:name="Set Payload" />
        </apikit:mapping>
    </apikit:mapping-exception-strategy>
</mule>
